Mohit,mohit123,mohit@mail.com,9586325647

Josh,josh123,josh@mail.com,8956234178

Anu,anu123,anu@mail.com,9234556557

Dhanya,dhanya123,dhanya@gmail.com,9557733215

Gopi,gopi123,gopi@gmail.com,8569412358

Monish,monish123,monish@gmail.com,9512336874

Karl,karl123,karl@gmail.com,9965382719

Sam,sam123,sam@gmail.com,9845732715

Manish,manish123,manish@gmail.com,6754287316

Rakesh,rakesh123,rakesh@gmail.com,6754289174
